municipality,canton
אום אל-פחם,0
כפר כמא,1
קרית יערים,2
ערערה בנגב,3
פקיעין (בוקייעה),4
הגליל התחתון,1
רכסים,2
כפר תבור,1
תל שבע,3
כסרא - סמיע,4
יאנוח - ג'ת,4
נווה מדבר,3
ירכא,4
עמק הירדן,1
שגב שלום,3
אלעד,2
אל קסום,3
ג'וליס,4
מבואות החרמון,1
ביר אל-מכסור,3
יסוד המעלה,1
מטולה,1
ראש פינה,1
כפר ברא,3
מג'ד אל-כרום,0
אבו סנאן,4
לקיה,3
מעיליא,0
כפר ורדים,4
טובא-זנגריה,1
מזרעה,0
בסמת טבעון,3
כאוכב אבו אל-היג'א,0
יבנאל,1
כסייפה,3
זמר,0
מעלות-תרשיחא,4
עמק המעיינות,1
ג'סר א-זרקא,0
ג'לג'וליה,3
"בסמ""ה",0
עילוט,0
גולן,1
מג'דל שמס,1
מסעדה,1
עין קיניה,1
ע'ג'ר,1
בועיינה-נוג'ידאת,3
שעב,0
אבו גוש,0
חורה,3
דרום השרון,2
מעלה יוסף,4
חורפיש,4
מגדל,1
אל-בטוף,3
ג'ת,0
פסוטה,4
עילבון,1
בוקעאתא,1
בוסתאן אל-מרג',0
משהד,3
מרום הגליל,1
סאג'ור,1
דבוריה,0
הגליל העליון,4
גני תקווה,2
דיר אל-אסד,0
גוש חלב (ג'יש),4
בענה,0
ראמה,1
פוריידיס,3
מעלה עירון,0
זבולון,2
חצור הגלילית,4
קצרין,1
נחף,3
סביון,2
עין מאהל,0
מג'אר,1
כוכב יאיר,2
קרית שמונה,4
כפר קרע,3
טורעאן,0
חוף השרון,2
כפר שמריהו,2
דיר חנא,0
כאבול,3
הגלבוע,1
מטה אשר,4
תל מונד,2
ריינה,0
כפר קאסם,3
אכסאל,0
מגידו,1
אבן יהודה,2
שלומי,4
אלונה,1
רמת נגב,3
אעבלין,0
מצפה רמון,3
בנימינה - גבעת עדה,1
קרית טבעון,2
ערערה,0
כפר כנא,3
משגב,4
כפר יאסיף,0
מנשה,1
דאלית אל-כרמל,2
כפר מנדא,3
יפיע,0
חריש,1
קדימה - צורן,2
צפת,4
אשכול,3
קלנסווה,0
בני שמעון,3
בית ג'ן,1
שער הנגב,1
עוספייא,2
ג'דיידה-מכר,0
יואב,1
מיתר,3
עראבה,4
לב השרון,2
עומר,3
לכיש,1
באקה אל גרבייה,0
פרדסיה,2
להבים,3
טירה,4
מרחבים,1
ירוחם,3
חבל אילות,3
הערבה התיכונה,3
תמר,3
נחל שורק,1
ברנר,1
חבל מודיעין,2
טמרה,0
שפרעם,4
זכרון יעקב,3
גן רוה,1
גדרות,1
חבל יבנה,1
שהם,2
מזכרת בתיה,1
טייבה,0
סח'נין,3
קרית ביאליק,4
כפר יונה,2
חוף אשקלון,1
שדות נגב,3
שפיר,1
חוף הכרמל,0
גזר,2
באר טוביה,1
רהט,3
קרית מוצקין,4
באר יעקב,2
טירת כרמל,0
קרית עקרון,1
גן יבנה,1
אור עקיבא,0
דימונה,3
יהוד -מונסון,2
קרית ים,4
גדרה,1
מגדל העמק,0
ערד,3
נשר,2
יקנעם עילית,1
עכו,4
נצרת,0
אילת,3
קרית אונו,2
שדרות,1
קרית מלאכי,1
גבעת שמואל,2
כרמיאל,4
עמק יזרעאל,3
עמק חפר,0
כעביה - טבאש - חג'אג'רה,3
בית שאן,1
זרזיר,3
רמת ישי,3
אליכין,0
אור יהודה,2
אופקים,1
נהריה,4
מטה יהודה,0
נתיבות,3
פרדס חנה - כרכור,1
נס ציונה,2
מבשרת ציון,0
עפולה,3
קרית אתא,4
טבריה,1
רמת השרון,2
"בני עי""ש",1
ראש העין,3
חדרה,0
יבנה,1
הוד השרון,2
קרית גת,1
לוד,2
בית שמש,0
חיפה,4
באר שבע,3
רחובות,2
רעננה,2
נתניה,0
מודיעין-מכבים-רעות,2
אשקלון,1
רמלה,2
הרצליה,2
כפר סבא,2
אשדוד,1
רמת גן,2
גבעתיים,2
ירושלים,0
ראשון לציון,1
בית דגן,1
בת ים,1
פתח תקווה,2
חולון,1
אזור,1
בני ברק,2
תל אביב -יפו,1
